{
  "class_indices": {
    "NORMAL": 0,
    "PNEUMONIA": 1
  },
  "class_weights_used": {
    "0": 1.9448173005219984,
    "1": 0.6730322580645162
  },
  "image_size": 224,
  "training_date": "2025-11-06T12:46:38.695347"
}